año,trimestre,provincia,accesos_por_cada_100_hab
2024.0,1.0,Buenos Aires,"27,80"
2024.0,1.0,Capital Federal,"48,78"
2024.0,1.0,Catamarca,"17,50"
2024.0,1.0,Chaco,"12,48"
2024.0,1.0,Chubut,"26,02"
2024.0,1.0,Córdoba,"27,77"
2024.0,1.0,Corrientes,"13,68"
2024.0,1.0,Entre Ríos,"20,72"
2024.0,1.0,Formosa,"10,08"
2024.0,1.0,Jujuy,"14,74"
2024.0,1.0,La Pampa,"33,11"
2024.0,1.0,La Rioja,"21,30"
2024.0,1.0,Mendoza,"14,67"
2024.0,1.0,Misiones,"15,46"
2024.0,1.0,Neuquén,"23,66"
2024.0,1.0,Río Negro,"21,88"
2024.0,1.0,Salta,"13,63"
2024.0,1.0,San Juan,"13,15"
2024.0,1.0,San Luis,"29,39"
2024.0,1.0,Santa Cruz,"20,10"
2024.0,1.0,Santa Fe,"25,28"
2024.0,1.0,Santiago Del Estero,"12,26"
2024.0,1.0,Tierra Del Fuego,"32,54"
2024.0,1.0,Tucumán,"14,98"
2023.0,4.0,Buenos Aires,"27,68"
2023.0,4.0,Capital Federal,"47,80"
2023.0,4.0,Catamarca,"17,46"
2023.0,4.0,Chaco,"11,85"
2023.0,4.0,Chubut,"26,04"
2023.0,4.0,Córdoba,"27,76"
2023.0,4.0,Corrientes,"13,84"
2023.0,4.0,Entre Ríos,"20,91"
2023.0,4.0,Formosa,"9,98"
2023.0,4.0,Jujuy,"14,77"
2023.0,4.0,La Pampa,"32,93"
2023.0,4.0,La Rioja,"21,35"
2023.0,4.0,Mendoza,"14,55"
2023.0,4.0,Misiones,"15,33"
2023.0,4.0,Neuquén,"23,78"
2023.0,4.0,Río Negro,"21,61"
2023.0,4.0,Salta,"13,80"
2023.0,4.0,San Juan,"12,75"
2023.0,4.0,San Luis,"29,21"
2023.0,4.0,Santa Cruz,"21,94"
2023.0,4.0,Santa Fe,"25,08"
2023.0,4.0,Santiago Del Estero,"12,18"
2023.0,4.0,Tierra Del Fuego,"32,75"
2023.0,4.0,Tucumán,"15,12"
2023.0,3.0,Buenos Aires,"27,50"
2023.0,3.0,Capital Federal,"47,60"
2023.0,3.0,Catamarca,"17,44"
2023.0,3.0,Chaco,"11,46"
2023.0,3.0,Chubut,"25,82"
2023.0,3.0,Córdoba,"27,57"
2023.0,3.0,Corrientes,"13,90"
2023.0,3.0,Entre Ríos,"20,58"
2023.0,3.0,Formosa,"9,89"
2023.0,3.0,Jujuy,"14,73"
2023.0,3.0,La Pampa,"32,62"
2023.0,3.0,La Rioja,"21,41"
2023.0,3.0,Mendoza,"14,52"
2023.0,3.0,Misiones,"15,12"
2023.0,3.0,Neuquén,"23,80"
2023.0,3.0,Río Negro,"21,04"
2023.0,3.0,Salta,"13,94"
2023.0,3.0,San Juan,"12,85"
2023.0,3.0,San Luis,"28,20"
2023.0,3.0,Santa Cruz,"12,17"
2023.0,3.0,Santa Fe,"24,87"
2023.0,3.0,Santiago Del Estero,"12,08"
2023.0,3.0,Tierra Del Fuego,"31,41"
2023.0,3.0,Tucumán,"15,17"
2023.0,2.0,Buenos Aires,"27,10"
2023.0,2.0,Capital Federal,"47,27"
2023.0,2.0,Catamarca,"17,15"
2023.0,2.0,Chaco,"11,46"
2023.0,2.0,Chubut,"25,28"
2023.0,2.0,Córdoba,"27,59"
2023.0,2.0,Corrientes,"13,79"
2023.0,2.0,Entre Ríos,"19,26"
2023.0,2.0,Formosa,"9,75"
2023.0,2.0,Jujuy,"14,78"
2023.0,2.0,La Pampa,"32,40"
2023.0,2.0,La Rioja,"21,30"
2023.0,2.0,Mendoza,"14,54"
2023.0,2.0,Misiones,"15,03"
2023.0,2.0,Neuquén,"23,50"
2023.0,2.0,Río Negro,"21,09"
2023.0,2.0,Salta,"13,92"
2023.0,2.0,San Juan,"12,10"
2023.0,2.0,San Luis,"26,73"
2023.0,2.0,Santa Cruz,"12,39"
2023.0,2.0,Santa Fe,"24,79"
2023.0,2.0,Santiago Del Estero,"11,70"
2023.0,2.0,Tierra Del Fuego,"31,54"
2023.0,2.0,Tucumán,"15,05"
2023.0,1.0,Buenos Aires,"26,81"
2023.0,1.0,Capital Federal,"50,23"
2023.0,1.0,Catamarca,"16,83"
2023.0,1.0,Chaco,"11,53"
2023.0,1.0,Chubut,"26,32"
2023.0,1.0,Córdoba,"27,20"
2023.0,1.0,Corrientes,"13,71"
2023.0,1.0,Entre Ríos,"19,37"
2023.0,1.0,Formosa,"9,87"
2023.0,1.0,Jujuy,"14,88"
2023.0,1.0,La Pampa,"31,81"
2023.0,1.0,La Rioja,"21,23"
2023.0,1.0,Mendoza,"14,34"
2023.0,1.0,Misiones,"14,70"
2023.0,1.0,Neuquén,"23,38"
2023.0,1.0,Río Negro,"21,27"
2023.0,1.0,Salta,"13,97"
2023.0,1.0,San Juan,"12,67"
2023.0,1.0,San Luis,"25,80"
2023.0,1.0,Santa Cruz,"12,92"
2023.0,1.0,Santa Fe,"24,57"
2023.0,1.0,Santiago Del Estero,"11,80"
2023.0,1.0,Tierra Del Fuego,"30,90"
2023.0,1.0,Tucumán,"14,95"
2022.0,4.0,Buenos Aires,"26,72"
2022.0,4.0,Capital Federal,"50,35"
2022.0,4.0,Catamarca,"16,73"
2022.0,4.0,Chaco,"11,66"
2022.0,4.0,Chubut,"26,23"
2022.0,4.0,Córdoba,"27,26"
2022.0,4.0,Corrientes,"13,60"
2022.0,4.0,Entre Ríos,"19,14"
2022.0,4.0,Formosa,"10,03"
2022.0,4.0,Jujuy,"14,95"
2022.0,4.0,La Pampa,"31,23"
2022.0,4.0,La Rioja,"21,26"
2022.0,4.0,Mendoza,"14,33"
2022.0,4.0,Misiones,"14,39"
2022.0,4.0,Neuquén,"23,41"
2022.0,4.0,Río Negro,"21,04"
2022.0,4.0,Salta,"14,04"
2022.0,4.0,San Juan,"12,96"
2022.0,4.0,San Luis,"25,83"
2022.0,4.0,Santa Cruz,"12,95"
2022.0,4.0,Santa Fe,"24,65"
2022.0,4.0,Santiago Del Estero,"11,92"
2022.0,4.0,Tierra Del Fuego,"30,07"
2022.0,4.0,Tucumán,"15,12"
2022.0,3.0,Buenos Aires,"26,37"
2022.0,3.0,Capital Federal,"50,22"
2022.0,3.0,Catamarca,"16,62"
2022.0,3.0,Chaco,"11,72"
2022.0,3.0,Chubut,"25,86"
2022.0,3.0,Córdoba,"27,04"
2022.0,3.0,Corrientes,"12,69"
2022.0,3.0,Entre Ríos,"19,04"
2022.0,3.0,Formosa,"11,14"
2022.0,3.0,Jujuy,"15,06"
2022.0,3.0,La Pampa,"31,82"
2022.0,3.0,La Rioja,"21,47"
2022.0,3.0,Mendoza,"14,24"
2022.0,3.0,Misiones,"14,11"
2022.0,3.0,Neuquén,"23,92"
2022.0,3.0,Río Negro,"20,91"
2022.0,3.0,Salta,"13,99"
2022.0,3.0,San Juan,"12,94"
2022.0,3.0,San Luis,"23,39"
2022.0,3.0,Santa Cruz,"12,85"
2022.0,3.0,Santa Fe,"24,70"
2022.0,3.0,Santiago Del Estero,"11,91"
2022.0,3.0,Tierra Del Fuego,"29,50"
2022.0,3.0,Tucumán,"15,14"
2022.0,2.0,Buenos Aires,"26,13"
2022.0,2.0,Capital Federal,"49,87"
2022.0,2.0,Catamarca,"15,87"
2022.0,2.0,Chaco,"11,70"
2022.0,2.0,Chubut,"25,50"
2022.0,2.0,Córdoba,"26,78"
2022.0,2.0,Corrientes,"12,73"
2022.0,2.0,Entre Ríos,"19,10"
2022.0,2.0,Formosa,"11,05"
2022.0,2.0,Jujuy,"14,66"
2022.0,2.0,La Pampa,"30,63"
2022.0,2.0,La Rioja,"21,33"
2022.0,2.0,Mendoza,"13,78"
2022.0,2.0,Misiones,"13,89"
2022.0,2.0,Neuquén,"23,82"
2022.0,2.0,Río Negro,"20,87"
2022.0,2.0,Salta,"13,94"
2022.0,2.0,San Juan,"12,60"
2022.0,2.0,San Luis,"23,40"
2022.0,2.0,Santa Cruz,"12,84"
2022.0,2.0,Santa Fe,"24,50"
2022.0,2.0,Santiago Del Estero,"11,84"
2022.0,2.0,Tierra Del Fuego,"29,60"
2022.0,2.0,Tucumán,"14,69"
2022.0,1.0,Buenos Aires,"25,56"
2022.0,1.0,Capital Federal,"46,01"
2022.0,1.0,Catamarca,"14,81"
2022.0,1.0,Chaco,"11,78"
2022.0,1.0,Chubut,"26,99"
2022.0,1.0,Córdoba,"26,26"
2022.0,1.0,Corrientes,"12,55"
2022.0,1.0,Entre Ríos,"19,05"
2022.0,1.0,Formosa,"8,90"
2022.0,1.0,Jujuy,"14,85"
2022.0,1.0,La Pampa,"30,20"
2022.0,1.0,La Rioja,"20,97"
2022.0,1.0,Mendoza,"13,60"
2022.0,1.0,Misiones,"13,36"
2022.0,1.0,Neuquén,"22,08"
2022.0,1.0,Río Negro,"20,62"
2022.0,1.0,Salta,"13,59"
2022.0,1.0,San Juan,"11,09"
2022.0,1.0,San Luis,"23,10"
2022.0,1.0,Santa Cruz,"12,89"
2022.0,1.0,Santa Fe,"24,31"
2022.0,1.0,Santiago Del Estero,"11,71"
2022.0,1.0,Tierra Del Fuego,"29,14"
2022.0,1.0,Tucumán,"14,22"
2021.0,4.0,Buenos Aires,"25,36"
2021.0,4.0,Capital Federal,"45,85"
2021.0,4.0,Catamarca,"14,05"
2021.0,4.0,Chaco,"11,77"
2021.0,4.0,Chubut,"25,31"
2021.0,4.0,Córdoba,"25,87"
2021.0,4.0,Corrientes,"11,98"
2021.0,4.0,Entre Ríos,"18,88"
2021.0,4.0,Formosa,"8,77"
2021.0,4.0,Jujuy,"14,56"
2021.0,4.0,La Pampa,"29,51"
2021.0,4.0,La Rioja,"20,74"
2021.0,4.0,Mendoza,"13,26"
2021.0,4.0,Misiones,"13,36"
2021.0,4.0,Neuquén,"21,82"
2021.0,4.0,Río Negro,"20,21"
2021.0,4.0,Salta,"13,76"
2021.0,4.0,San Juan,"10,08"
2021.0,4.0,San Luis,"22,98"
2021.0,4.0,Santa Cruz,"12,81"
2021.0,4.0,Santa Fe,"24,24"
2021.0,4.0,Santiago Del Estero,"11,68"
2021.0,4.0,Tierra Del Fuego,"29,17"
2021.0,4.0,Tucumán,"13,85"
2021.0,3.0,Buenos Aires,"23,97"
2021.0,3.0,Capital Federal,"45,90"
2021.0,3.0,Catamarca,"13,41"
2021.0,3.0,Chaco,"11,48"
2021.0,3.0,Chubut,"24,74"
2021.0,3.0,Córdoba,"24,89"
2021.0,3.0,Corrientes,"11,82"
2021.0,3.0,Entre Ríos,"18,59"
2021.0,3.0,Formosa,"8,64"
2021.0,3.0,Jujuy,"14,24"
2021.0,3.0,La Pampa,"27,77"
2021.0,3.0,La Rioja,"20,57"
2021.0,3.0,Mendoza,"12,71"
2021.0,3.0,Misiones,"12,41"
2021.0,3.0,Neuquén,"20,75"
2021.0,3.0,Río Negro,"19,06"
2021.0,3.0,Salta,"13,55"
2021.0,3.0,San Juan,"10,05"
2021.0,3.0,San Luis,"22,86"
2021.0,3.0,Santa Cruz,"13,02"
2021.0,3.0,Santa Fe,"23,59"
2021.0,3.0,Santiago Del Estero,"11,66"
2021.0,3.0,Tierra Del Fuego,"28,15"
2021.0,3.0,Tucumán,"13,53"
2021.0,2.0,Buenos Aires,"23,35"
2021.0,2.0,Capital Federal,"45,49"
2021.0,2.0,Catamarca,"13,31"
2021.0,2.0,Chaco,"11,58"
2021.0,2.0,Chubut,"22,16"
2021.0,2.0,Córdoba,"24,53"
2021.0,2.0,Corrientes,"11,47"
2021.0,2.0,Entre Ríos,"18,44"
2021.0,2.0,Formosa,"8,46"
2021.0,2.0,Jujuy,"14,37"
2021.0,2.0,La Pampa,"27,04"
2021.0,2.0,La Rioja,"20,49"
2021.0,2.0,Mendoza,"11,43"
2021.0,2.0,Misiones,"12,26"
2021.0,2.0,Neuquén,"20,58"
2021.0,2.0,Río Negro,"19,05"
2021.0,2.0,Salta,"13,30"
2021.0,2.0,San Juan,"10,01"
2021.0,2.0,San Luis,"23,89"
2021.0,2.0,Santa Cruz,"13,10"
2021.0,2.0,Santa Fe,"23,60"
2021.0,2.0,Santiago Del Estero,"11,55"
2021.0,2.0,Tierra Del Fuego,"20,13"
2021.0,2.0,Tucumán,"13,61"
2021.0,1.0,Buenos Aires,"23,00"
2021.0,1.0,Capital Federal,"44,83"
2021.0,1.0,Catamarca,"12,44"
2021.0,1.0,Chaco,"11,53"
2021.0,1.0,Chubut,"21,15"
2021.0,1.0,Córdoba,"24,06"
2021.0,1.0,Corrientes,"11,23"
2021.0,1.0,Entre Ríos,"18,07"
2021.0,1.0,Formosa,"8,33"
2021.0,1.0,Jujuy,"14,23"
2021.0,1.0,La Pampa,"26,94"
2021.0,1.0,La Rioja,"13,26"
2021.0,1.0,Mendoza,"10,93"
2021.0,1.0,Misiones,"11,76"
2021.0,1.0,Neuquén,"19,90"
2021.0,1.0,Río Negro,"18,72"
2021.0,1.0,Salta,"13,06"
2021.0,1.0,San Juan,"9,95"
2021.0,1.0,San Luis,"23,25"
2021.0,1.0,Santa Cruz,"12,39"
2021.0,1.0,Santa Fe,"23,24"
2021.0,1.0,Santiago Del Estero,"11,33"
2021.0,1.0,Tierra Del Fuego,"22,93"
2021.0,1.0,Tucumán,"13,58"
2020.0,4.0,Buenos Aires,"22,90"
2020.0,4.0,Capital Federal,"44,83"
2020.0,4.0,Catamarca,"12,57"
2020.0,4.0,Chaco,"11,50"
2020.0,4.0,Chubut,"20,95"
2020.0,4.0,Córdoba,"23,90"
2020.0,4.0,Corrientes,"11,17"
2020.0,4.0,Entre Ríos,"17,78"
2020.0,4.0,Formosa,"8,27"
2020.0,4.0,Jujuy,"13,67"
2020.0,4.0,La Pampa,"26,94"
2020.0,4.0,La Rioja,"13,34"
2020.0,4.0,Mendoza,"10,78"
2020.0,4.0,Misiones,"11,61"
2020.0,4.0,Neuquén,"19,94"
2020.0,4.0,Río Negro,"18,79"
2020.0,4.0,Salta,"13,09"
2020.0,4.0,San Juan,"9,25"
2020.0,4.0,San Luis,"23,38"
2020.0,4.0,Santa Cruz,"11,01"
2020.0,4.0,Santa Fe,"23,14"
2020.0,4.0,Santiago Del Estero,"10,86"
2020.0,4.0,Tierra Del Fuego,"22,61"
2020.0,4.0,Tucumán,"13,57"
2020.0,3.0,Buenos Aires,"22,41"
2020.0,3.0,Capital Federal,"44,62"
2020.0,3.0,Catamarca,"12,00"
2020.0,3.0,Chaco,"11,10"
2020.0,3.0,Chubut,"20,95"
2020.0,3.0,Córdoba,"23,03"
2020.0,3.0,Corrientes,"10,99"
2020.0,3.0,Entre Ríos,"17,40"
2020.0,3.0,Formosa,"8,12"
2020.0,3.0,Jujuy,"13,82"
2020.0,3.0,La Pampa,"26,12"
2020.0,3.0,La Rioja,"13,34"
2020.0,3.0,Mendoza,"10,42"
2020.0,3.0,Misiones,"11,33"
2020.0,3.0,Neuquén,"19,42"
2020.0,3.0,Río Negro,"17,55"
2020.0,3.0,Salta,"12,67"
2020.0,3.0,San Juan,"9,88"
2020.0,3.0,San Luis,"22,88"
2020.0,3.0,Santa Cruz,"10,70"
2020.0,3.0,Santa Fe,"22,68"
2020.0,3.0,Santiago Del Estero,"10,76"
2020.0,3.0,Tierra Del Fuego,"22,77"
2020.0,3.0,Tucumán,"13,18"
2020.0,2.0,Buenos Aires,"21,55"
2020.0,2.0,Capital Federal,"44,15"
2020.0,2.0,Catamarca,"11,56"
2020.0,2.0,Chaco,"10,65"
2020.0,2.0,Chubut,"17,58"
2020.0,2.0,Córdoba,"22,26"
2020.0,2.0,Corrientes,"10,61"
2020.0,2.0,Entre Ríos,"16,90"
2020.0,2.0,Formosa,"7,93"
2020.0,2.0,Jujuy,"12,25"
2020.0,2.0,La Pampa,"25,07"
2020.0,2.0,La Rioja,"13,27"
2020.0,2.0,Mendoza,"10,12"
2020.0,2.0,Misiones,"11,14"
2020.0,2.0,Neuquén,"19,02"
2020.0,2.0,Río Negro,"17,34"
2020.0,2.0,Salta,"12,49"
2020.0,2.0,San Juan,"8,94"
2020.0,2.0,San Luis,"22,44"
2020.0,2.0,Santa Cruz,"10,65"
2020.0,2.0,Santa Fe,"22,01"
2020.0,2.0,Santiago Del Estero,"10,79"
2020.0,2.0,Tierra Del Fuego,"22,64"
2020.0,2.0,Tucumán,"12,83"
2020.0,1.0,Buenos Aires,"21,21"
2020.0,1.0,Capital Federal,"44,02"
2020.0,1.0,Catamarca,"9,57"
2020.0,1.0,Chaco,"10,02"
2020.0,1.0,Chubut,"15,72"
2020.0,1.0,Córdoba,"21,64"
2020.0,1.0,Corrientes,"10,20"
2020.0,1.0,Entre Ríos,"16,78"
2020.0,1.0,Formosa,"7,69"
2020.0,1.0,Jujuy,"11,93"
2020.0,1.0,La Pampa,"24,96"
2020.0,1.0,La Rioja,"12,34"
2020.0,1.0,Mendoza,"9,25"
2020.0,1.0,Misiones,"10,63"
2020.0,1.0,Neuquén,"18,41"
2020.0,1.0,Río Negro,"16,95"
2020.0,1.0,Salta,"12,01"
2020.0,1.0,San Juan,"8,25"
2020.0,1.0,San Luis,"21,84"
2020.0,1.0,Santa Cruz,"10,70"
2020.0,1.0,Santa Fe,"21,86"
2020.0,1.0,Santiago Del Estero,"10,54"
2020.0,1.0,Tierra Del Fuego,"22,55"
2020.0,1.0,Tucumán,"11,85"
2019.0,4.0,Buenos Aires,"21,14"
2019.0,4.0,Capital Federal,"44,19"
2019.0,4.0,Catamarca,"9,27"
2019.0,4.0,Chaco,"9,85"
2019.0,4.0,Chubut,"15,68"
2019.0,4.0,Córdoba,"21,58"
2019.0,4.0,Corrientes,"10,21"
2019.0,4.0,Entre Ríos,"17,34"
2019.0,4.0,Formosa,"7,76"
2019.0,4.0,Jujuy,"11,60"
2019.0,4.0,La Pampa,"25,34"
2019.0,4.0,La Rioja,"12,55"
2019.0,4.0,Mendoza,"9,39"
2019.0,4.0,Misiones,"10,84"
2019.0,4.0,Neuquén,"17,67"
2019.0,4.0,Río Negro,"17,13"
2019.0,4.0,Salta,"12,20"
2019.0,4.0,San Juan,"8,37"
2019.0,4.0,San Luis,"21,44"
2019.0,4.0,Santa Cruz,"10,92"
2019.0,4.0,Santa Fe,"21,85"
2019.0,4.0,Santiago Del Estero,"10,65"
2019.0,4.0,Tierra Del Fuego,"23,63"
2019.0,4.0,Tucumán,"11,80"
2019.0,3.0,Buenos Aires,"22,76"
2019.0,3.0,Capital Federal,"46,90"
2019.0,3.0,Catamarca,"7,86"
2019.0,3.0,Chaco,"9,58"
2019.0,3.0,Chubut,"14,58"
2019.0,3.0,Córdoba,"21,00"
2019.0,3.0,Corrientes,"10,13"
2019.0,3.0,Entre Ríos,"17,31"
2019.0,3.0,Formosa,"7,66"
2019.0,3.0,Jujuy,"11,33"
2019.0,3.0,La Pampa,"25,52"
2019.0,3.0,La Rioja,"12,76"
2019.0,3.0,Mendoza,"11,37"
2019.0,3.0,Misiones,"10,71"
2019.0,3.0,Neuquén,"19,09"
2019.0,3.0,Río Negro,"19,51"
2019.0,3.0,Salta,"10,77"
2019.0,3.0,San Juan,"9,44"
2019.0,3.0,San Luis,"24,39"
2019.0,3.0,Santa Cruz,"10,60"
2019.0,3.0,Santa Fe,"21,66"
2019.0,3.0,Santiago Del Estero,"13,73"
2019.0,3.0,Tierra Del Fuego,"28,60"
2019.0,3.0,Tucumán,"9,78"
2019.0,2.0,Buenos Aires,"22,22"
2019.0,2.0,Capital Federal,"46,09"
2019.0,2.0,Catamarca,"8,17"
2019.0,2.0,Chaco,"9,13"
2019.0,2.0,Chubut,"14,40"
2019.0,2.0,Córdoba,"20,84"
2019.0,2.0,Corrientes,"10,05"
2019.0,2.0,Entre Ríos,"17,19"
2019.0,2.0,Formosa,"7,74"
2019.0,2.0,Jujuy,"11,38"
2019.0,2.0,La Pampa,"25,40"
2019.0,2.0,La Rioja,"12,97"
2019.0,2.0,Mendoza,"11,37"
2019.0,2.0,Misiones,"10,66"
2019.0,2.0,Neuquén,"18,78"
2019.0,2.0,Río Negro,"18,79"
2019.0,2.0,Salta,"10,15"
2019.0,2.0,San Juan,"9,07"
2019.0,2.0,San Luis,"23,41"
2019.0,2.0,Santa Cruz,"8,58"
2019.0,2.0,Santa Fe,"21,20"
2019.0,2.0,Santiago Del Estero,"13,10"
2019.0,2.0,Tierra Del Fuego,"28,11"
2019.0,2.0,Tucumán,"9,94"
2019.0,1.0,Buenos Aires,"21,64"
2019.0,1.0,Capital Federal,"45,58"
2019.0,1.0,Catamarca,"8,19"
2019.0,1.0,Chaco,"8,72"
2019.0,1.0,Chubut,"13,18"
2019.0,1.0,Córdoba,"20,06"
2019.0,1.0,Corrientes,"9,25"
2019.0,1.0,Entre Ríos,"16,98"
2019.0,1.0,Formosa,"7,55"
2019.0,1.0,Jujuy,"11,87"
2019.0,1.0,La Pampa,"25,16"
2019.0,1.0,La Rioja,"13,36"
2019.0,1.0,Mendoza,"10,51"
2019.0,1.0,Misiones,"9,88"
2019.0,1.0,Neuquén,"17,53"
2019.0,1.0,Río Negro,"16,48"
2019.0,1.0,Salta,"9,71"
2019.0,1.0,San Juan,"8,11"
2019.0,1.0,San Luis,"19,27"
2019.0,1.0,Santa Cruz,"7,04"
2019.0,1.0,Santa Fe,"21,06"
2019.0,1.0,Santiago Del Estero,"9,31"
2019.0,1.0,Tierra Del Fuego,"27,68"
2019.0,1.0,Tucumán,"10,31"
2018.0,4.0,Buenos Aires,"21,06"
2018.0,4.0,Capital Federal,"45,25"
2018.0,4.0,Catamarca,"8,20"
2018.0,4.0,Chaco,"8,71"
2018.0,4.0,Chubut,"13,06"
2018.0,4.0,Córdoba,"19,93"
2018.0,4.0,Corrientes,"9,10"
2018.0,4.0,Entre Ríos,"16,26"
2018.0,4.0,Formosa,"7,57"
2018.0,4.0,Jujuy,"11,90"
2018.0,4.0,La Pampa,"24,22"
2018.0,4.0,La Rioja,"13,40"
2018.0,4.0,Mendoza,"10,54"
2018.0,4.0,Misiones,"9,38"
2018.0,4.0,Neuquén,"17,58"
2018.0,4.0,Río Negro,"15,95"
2018.0,4.0,Salta,"9,64"
2018.0,4.0,San Juan,"8,13"
2018.0,4.0,San Luis,"19,33"
2018.0,4.0,Santa Cruz,"7,05"
2018.0,4.0,Santa Fe,"20,62"
2018.0,4.0,Santiago Del Estero,"9,28"
2018.0,4.0,Tierra Del Fuego,"27,75"
2018.0,4.0,Tucumán,"10,34"
2018.0,3.0,Buenos Aires,"20,96"
2018.0,3.0,Capital Federal,"45,38"
2018.0,3.0,Catamarca,"8,37"
2018.0,3.0,Chaco,"8,63"
2018.0,3.0,Chubut,"17,29"
2018.0,3.0,Córdoba,"19,67"
2018.0,3.0,Corrientes,"9,02"
2018.0,3.0,Entre Ríos,"15,02"
2018.0,3.0,Formosa,"7,53"
2018.0,3.0,Jujuy,"5,95"
2018.0,3.0,La Pampa,"23,64"
2018.0,3.0,La Rioja,"13,51"
2018.0,3.0,Mendoza,"10,60"
2018.0,3.0,Misiones,"8,74"
2018.0,3.0,Neuquén,"18,01"
2018.0,3.0,Río Negro,"15,55"
2018.0,3.0,Salta,"9,55"
2018.0,3.0,San Juan,"8,42"
2018.0,3.0,San Luis,"14,98"
2018.0,3.0,Santa Cruz,"9,74"
2018.0,3.0,Santa Fe,"19,94"
2018.0,3.0,Santiago Del Estero,"9,00"
2018.0,3.0,Tierra Del Fuego,"27,51"
2018.0,3.0,Tucumán,"10,33"
2018.0,2.0,Buenos Aires,"20,37"
2018.0,2.0,Capital Federal,"44,63"
2018.0,2.0,Catamarca,"8,36"
2018.0,2.0,Chaco,"8,35"
2018.0,2.0,Chubut,"16,83"
2018.0,2.0,Córdoba,"19,37"
2018.0,2.0,Corrientes,"8,90"
2018.0,2.0,Entre Ríos,"14,71"
2018.0,2.0,Formosa,"7,49"
2018.0,2.0,Jujuy,"5,99"
2018.0,2.0,La Pampa,"23,41"
2018.0,2.0,La Rioja,"13,57"
2018.0,2.0,Mendoza,"10,32"
2018.0,2.0,Misiones,"8,62"
2018.0,2.0,Neuquén,"17,93"
2018.0,2.0,Río Negro,"15,43"
2018.0,2.0,Salta,"9,67"
2018.0,2.0,San Juan,"8,39"
2018.0,2.0,San Luis,"4,34"
2018.0,2.0,Santa Cruz,"9,92"
2018.0,2.0,Santa Fe,"19,68"
2018.0,2.0,Santiago Del Estero,"8,75"
2018.0,2.0,Tierra Del Fuego,"27,16"
2018.0,2.0,Tucumán,"10,28"
2018.0,1.0,Buenos Aires,"20,28"
2018.0,1.0,Capital Federal,"44,56"
2018.0,1.0,Catamarca,"8,34"
2018.0,1.0,Chaco,"8,24"
2018.0,1.0,Chubut,"16,47"
2018.0,1.0,Córdoba,"19,45"
2018.0,1.0,Corrientes,"8,60"
2018.0,1.0,Entre Ríos,"14,56"
2018.0,1.0,Formosa,"5,45"
2018.0,1.0,Jujuy,"5,91"
2018.0,1.0,La Pampa,"23,64"
2018.0,1.0,La Rioja,"13,69"
2018.0,1.0,Mendoza,"10,35"
2018.0,1.0,Misiones,"8,43"
2018.0,1.0,Neuquén,"18,31"
2018.0,1.0,Río Negro,"15,32"
2018.0,1.0,Salta,"9,63"
2018.0,1.0,San Juan,"8,31"
2018.0,1.0,San Luis,"4,34"
2018.0,1.0,Santa Cruz,"9,98"
2018.0,1.0,Santa Fe,"19,58"
2018.0,1.0,Santiago Del Estero,"8,68"
2018.0,1.0,Tierra Del Fuego,"19,33"
2018.0,1.0,Tucumán,"10,20"
2017.0,4.0,Buenos Aires,"18,61"
2017.0,4.0,Capital Federal,"51,62"
2017.0,4.0,Catamarca,"7,28"
2017.0,4.0,Chaco,"8,23"
2017.0,4.0,Chubut,"15,78"
2017.0,4.0,Córdoba,"19,39"
2017.0,4.0,Corrientes,"8,56"
2017.0,4.0,Entre Ríos,"14,32"
2017.0,4.0,Formosa,"5,41"
2017.0,4.0,Jujuy,"5,82"
2017.0,4.0,La Pampa,"23,41"
2017.0,4.0,La Rioja,"13,73"
2017.0,4.0,Mendoza,"9,30"
2017.0,4.0,Misiones,"8,48"
2017.0,4.0,Neuquén,"18,23"
2017.0,4.0,Río Negro,"15,19"
2017.0,4.0,Salta,"9,64"
2017.0,4.0,San Juan,"7,72"
2017.0,4.0,San Luis,"3,03"
2017.0,4.0,Santa Cruz,"8,60"
2017.0,4.0,Santa Fe,"19,41"
2017.0,4.0,Santiago Del Estero,"7,23"
2017.0,4.0,Tierra Del Fuego,"17,76"
2017.0,4.0,Tucumán,"9,88"
2017.0,3.0,Buenos Aires,"17,94"
2017.0,3.0,Capital Federal,"51,24"
2017.0,3.0,Catamarca,"8,27"
2017.0,3.0,Chaco,"8,01"
2017.0,3.0,Chubut,"14,17"
2017.0,3.0,Córdoba,"19,08"
2017.0,3.0,Corrientes,"8,47"
2017.0,3.0,Entre Ríos,"13,74"
2017.0,3.0,Formosa,"5,43"
2017.0,3.0,Jujuy,"5,79"
2017.0,3.0,La Pampa,"22,78"
2017.0,3.0,La Rioja,"13,70"
2017.0,3.0,Mendoza,"9,96"
2017.0,3.0,Misiones,"8,23"
2017.0,3.0,Neuquén,"18,11"
2017.0,3.0,Río Negro,"14,92"
2017.0,3.0,Salta,"9,65"
2017.0,3.0,San Juan,"8,25"
2017.0,3.0,San Luis,"4,43"
2017.0,3.0,Santa Cruz,"9,91"
2017.0,3.0,Santa Fe,"19,15"
2017.0,3.0,Santiago Del Estero,"8,72"
2017.0,3.0,Tierra Del Fuego,"19,49"
2017.0,3.0,Tucumán,"9,83"
2017.0,2.0,Buenos Aires,"18,10"
2017.0,2.0,Capital Federal,"52,24"
2017.0,2.0,Catamarca,"6,61"
2017.0,2.0,Chaco,"7,76"
2017.0,2.0,Chubut,"10,90"
2017.0,2.0,Córdoba,"18,06"
2017.0,2.0,Corrientes,"8,27"
2017.0,2.0,Entre Ríos,"13,57"
2017.0,2.0,Formosa,"5,08"
2017.0,2.0,Jujuy,"5,73"
2017.0,2.0,La Pampa,"20,92"
2017.0,2.0,La Rioja,"4,31"
2017.0,2.0,Mendoza,"8,86"
2017.0,2.0,Misiones,"8,20"
2017.0,2.0,Neuquén,"18,43"
2017.0,2.0,Río Negro,"14,16"
2017.0,2.0,Salta,"7,93"
2017.0,2.0,San Juan,"6,87"
2017.0,2.0,San Luis,"2,72"
2017.0,2.0,Santa Cruz,"7,81"
2017.0,2.0,Santa Fe,"16,44"
2017.0,2.0,Santiago Del Estero,"3,50"
2017.0,2.0,Tierra Del Fuego,"20,30"
2017.0,2.0,Tucumán,"9,46"
2017.0,1.0,Buenos Aires,"18,80"
2017.0,1.0,Capital Federal,"45,69"
2017.0,1.0,Catamarca,"6,53"
2017.0,1.0,Chaco,"7,65"
2017.0,1.0,Chubut,"10,93"
2017.0,1.0,Córdoba,"17,65"
2017.0,1.0,Corrientes,"8,15"
2017.0,1.0,Entre Ríos,"13,43"
2017.0,1.0,Formosa,"5,05"
2017.0,1.0,Jujuy,"5,82"
2017.0,1.0,La Pampa,"20,65"
2017.0,1.0,La Rioja,"4,31"
2017.0,1.0,Mendoza,"8,89"
2017.0,1.0,Misiones,"8,04"
2017.0,1.0,Neuquén,"18,17"
2017.0,1.0,Río Negro,"14,16"
2017.0,1.0,Salta,"7,89"
2017.0,1.0,San Juan,"6,89"
2017.0,1.0,San Luis,"2,73"
2017.0,1.0,Santa Cruz,"7,89"
2017.0,1.0,Santa Fe,"16,34"
2017.0,1.0,Santiago Del Estero,"3,65"
2017.0,1.0,Tierra Del Fuego,"20,44"
2017.0,1.0,Tucumán,"9,39"
2016.0,4.0,Buenos Aires,"18,58"
2016.0,4.0,Capital Federal,"45,78"
2016.0,4.0,Catamarca,"6,72"
2016.0,4.0,Chaco,"7,65"
2016.0,4.0,Chubut,"10,96"
2016.0,4.0,Córdoba,"17,57"
2016.0,4.0,Corrientes,"8,12"
2016.0,4.0,Entre Ríos,"13,45"
2016.0,4.0,Formosa,"5,03"
2016.0,4.0,Jujuy,"5,76"
2016.0,4.0,La Pampa,"20,67"
2016.0,4.0,La Rioja,"4,35"
2016.0,4.0,Mendoza,"8,91"
2016.0,4.0,Misiones,"8,05"
2016.0,4.0,Neuquén,"17,99"
2016.0,4.0,Río Negro,"14,17"
2016.0,4.0,Salta,"7,87"
2016.0,4.0,San Juan,"6,91"
2016.0,4.0,San Luis,"2,74"
2016.0,4.0,Santa Cruz,"7,94"
2016.0,4.0,Santa Fe,"16,35"
2016.0,4.0,Santiago Del Estero,"3,72"
2016.0,4.0,Tierra Del Fuego,"20,57"
2016.0,4.0,Tucumán,"9,35"
2016.0,3.0,Buenos Aires,"18,30"
2016.0,3.0,Capital Federal,"45,85"
2016.0,3.0,Catamarca,"6,72"
2016.0,3.0,Chaco,"7,71"
2016.0,3.0,Chubut,"11,04"
2016.0,3.0,Córdoba,"17,79"
2016.0,3.0,Corrientes,"8,16"
2016.0,3.0,Entre Ríos,"13,55"
2016.0,3.0,Formosa,"4,73"
2016.0,3.0,Jujuy,"5,76"
2016.0,3.0,La Pampa,"20,29"
2016.0,3.0,La Rioja,"4,53"
2016.0,3.0,Mendoza,"8,93"
2016.0,3.0,Misiones,"8,12"
2016.0,3.0,Neuquén,"17,86"
2016.0,3.0,Río Negro,"14,22"
2016.0,3.0,Salta,"7,96"
2016.0,3.0,San Juan,"6,94"
2016.0,3.0,San Luis,"2,75"
2016.0,3.0,Santa Cruz,"7,93"
2016.0,3.0,Santa Fe,"16,53"
2016.0,3.0,Santiago Del Estero,"3,79"
2016.0,3.0,Tierra Del Fuego,"20,31"
2016.0,3.0,Tucumán,"9,36"
2016.0,2.0,Buenos Aires,"18,10"
2016.0,2.0,Capital Federal,"45,59"
2016.0,2.0,Catamarca,"6,63"
2016.0,2.0,Chaco,"7,64"
2016.0,2.0,Chubut,"11,07"
2016.0,2.0,Córdoba,"17,62"
2016.0,2.0,Corrientes,"8,05"
2016.0,2.0,Entre Ríos,"13,38"
2016.0,2.0,Formosa,"4,93"
2016.0,2.0,Jujuy,"5,60"
2016.0,2.0,La Pampa,"19,91"
2016.0,2.0,La Rioja,"4,49"
2016.0,2.0,Mendoza,"8,97"
2016.0,2.0,Misiones,"7,96"
2016.0,2.0,Neuquén,"17,59"
2016.0,2.0,Río Negro,"14,22"
2016.0,2.0,Salta,"7,77"
2016.0,2.0,San Juan,"6,96"
2016.0,2.0,San Luis,"2,75"
2016.0,2.0,Santa Cruz,"7,96"
2016.0,2.0,Santa Fe,"16,49"
2016.0,2.0,Santiago Del Estero,"3,94"
2016.0,2.0,Tierra Del Fuego,"20,08"
2016.0,2.0,Tucumán,"9,22"
2016.0,1.0,Buenos Aires,"17,54"
2016.0,1.0,Capital Federal,"43,76"
2016.0,1.0,Catamarca,"6,61"
2016.0,1.0,Chaco,"7,52"
2016.0,1.0,Chubut,"11,12"
2016.0,1.0,Córdoba,"16,97"
2016.0,1.0,Corrientes,"7,94"
2016.0,1.0,Entre Ríos,"13,14"
2016.0,1.0,Formosa,"4,86"
2016.0,1.0,Jujuy,"5,49"
2016.0,1.0,La Pampa,"19,10"
2016.0,1.0,La Rioja,"4,50"
2016.0,1.0,Mendoza,"8,99"
2016.0,1.0,Misiones,"7,75"
2016.0,1.0,Neuquén,"16,66"
2016.0,1.0,Río Negro,"14,15"
2016.0,1.0,Salta,"7,61"
2016.0,1.0,San Juan,"6,98"
2016.0,1.0,San Luis,"2,75"
2016.0,1.0,Santa Cruz,"8,05"
2016.0,1.0,Santa Fe,"16,16"
2016.0,1.0,Santiago Del Estero,"4,03"
2016.0,1.0,Tierra Del Fuego,"19,65"
2016.0,1.0,Tucumán,"9,13"
2015.0,4.0,Buenos Aires,"17,68"
2015.0,4.0,Capital Federal,"44,83"
2015.0,4.0,Catamarca,"6,64"
2015.0,4.0,Chaco,"7,54"
2015.0,4.0,Chubut,"11,21"
2015.0,4.0,Córdoba,"17,47"
2015.0,4.0,Corrientes,"7,95"
2015.0,4.0,Entre Ríos,"13,12"
2015.0,4.0,Formosa,"4,83"
2015.0,4.0,Jujuy,"5,46"
2015.0,4.0,La Pampa,"19,27"
2015.0,4.0,La Rioja,"4,58"
2015.0,4.0,Mendoza,"9,02"
2015.0,4.0,Misiones,"7,77"
2015.0,4.0,Neuquén,"17,23"
2015.0,4.0,Río Negro,"14,19"
2015.0,4.0,Salta,"7,60"
2015.0,4.0,San Juan,"7,01"
2015.0,4.0,San Luis,"2,76"
2015.0,4.0,Santa Cruz,"8,14"
2015.0,4.0,Santa Fe,"16,47"
2015.0,4.0,Santiago Del Estero,"4,20"
2015.0,4.0,Tierra Del Fuego,"19,44"
2015.0,4.0,Tucumán,"9,12"
2015.0,3.0,Buenos Aires,"17,55"
2015.0,3.0,Capital Federal,"44,91"
2015.0,3.0,Catamarca,"6,56"
2015.0,3.0,Chaco,"7,45"
2015.0,3.0,Chubut,"11,23"
2015.0,3.0,Córdoba,"17,43"
2015.0,3.0,Corrientes,"7,93"
2015.0,3.0,Entre Ríos,"13,03"
2015.0,3.0,Formosa,"4,78"
2015.0,3.0,Jujuy,"5,42"
2015.0,3.0,La Pampa,"19,06"
2015.0,3.0,La Rioja,"4,55"
2015.0,3.0,Mendoza,"9,04"
2015.0,3.0,Misiones,"7,69"
2015.0,3.0,Neuquén,"16,20"
2015.0,3.0,Río Negro,"14,22"
2015.0,3.0,Salta,"7,53"
2015.0,3.0,San Juan,"7,03"
2015.0,3.0,San Luis,"2,77"
2015.0,3.0,Santa Cruz,"8,16"
2015.0,3.0,Santa Fe,"16,36"
2015.0,3.0,Santiago Del Estero,"4,24"
2015.0,3.0,Tierra Del Fuego,"22,05"
2015.0,3.0,Tucumán,"9,04"
2015.0,2.0,Buenos Aires,"17,33"
2015.0,2.0,Capital Federal,"44,08"
2015.0,2.0,Catamarca,"6,48"
2015.0,2.0,Chaco,"7,34"
2015.0,2.0,Chubut,"11,22"
2015.0,2.0,Córdoba,"17,11"
2015.0,2.0,Corrientes,"7,79"
2015.0,2.0,Entre Ríos,"12,84"
2015.0,2.0,Formosa,"4,67"
2015.0,2.0,Jujuy,"5,19"
2015.0,2.0,La Pampa,"18,69"
2015.0,2.0,La Rioja,"4,49"
2015.0,2.0,Mendoza,"9,07"
2015.0,2.0,Misiones,"7,45"
2015.0,2.0,Neuquén,"15,81"
2015.0,2.0,Río Negro,"14,14"
2015.0,2.0,Salta,"7,38"
2015.0,2.0,San Juan,"7,04"
2015.0,2.0,San Luis,"2,78"
2015.0,2.0,Santa Cruz,"8,06"
2015.0,2.0,Santa Fe,"16,09"
2015.0,2.0,Santiago Del Estero,"4,25"
2015.0,2.0,Tierra Del Fuego,"22,10"
2015.0,2.0,Tucumán,"8,84"
2015.0,1.0,Buenos Aires,"17,24"
2015.0,1.0,Capital Federal,"43,66"
2015.0,1.0,Catamarca,"6,40"
2015.0,1.0,Chaco,"7,14"
2015.0,1.0,Chubut,"11,59"
2015.0,1.0,Córdoba,"16,79"
2015.0,1.0,Corrientes,"7,64"
2015.0,1.0,Entre Ríos,"12,61"
2015.0,1.0,Formosa,"4,62"
2015.0,1.0,Jujuy,"5,05"
2015.0,1.0,La Pampa,"18,33"
2015.0,1.0,La Rioja,"4,46"
2015.0,1.0,Mendoza,"9,06"
2015.0,1.0,Misiones,"7,19"
2015.0,1.0,Neuquén,"15,53"
2015.0,1.0,Río Negro,"13,99"
2015.0,1.0,Salta,"7,29"
2015.0,1.0,San Juan,"7,04"
2015.0,1.0,San Luis,"2,79"
2015.0,1.0,Santa Cruz,"8,39"
2015.0,1.0,Santa Fe,"15,83"
2015.0,1.0,Santiago Del Estero,"4,24"
2015.0,1.0,Tierra Del Fuego,"22,17"
2015.0,1.0,Tucumán,"8,72"
2014.0,4.0,Buenos Aires,"17,01"
2014.0,4.0,Capital Federal,"43,60"
2014.0,4.0,Catamarca,"6,46"
2014.0,4.0,Chaco,"5,81"
2014.0,4.0,Chubut,"12,22"
2014.0,4.0,Córdoba,"16,66"
2014.0,4.0,Corrientes,"6,17"
2014.0,4.0,Entre Ríos,"10,72"
2014.0,4.0,Formosa,"4,55"
2014.0,4.0,Jujuy,"4,98"
2014.0,4.0,La Pampa,"16,82"
2014.0,4.0,La Rioja,"4,50"
2014.0,4.0,Mendoza,"9,06"
2014.0,4.0,Misiones,"6,54"
2014.0,4.0,Neuquén,"15,53"
2014.0,4.0,Río Negro,"13,89"
2014.0,4.0,Salta,"7,10"
2014.0,4.0,San Juan,"7,10"
2014.0,4.0,San Luis,"2,78"
2014.0,4.0,Santa Cruz,"8,16"
2014.0,4.0,Santa Fe,"15,66"
2014.0,4.0,Santiago Del Estero,"4,26"
2014.0,4.0,Tierra Del Fuego,"19,34"
2014.0,4.0,Tucumán,"8,69"
2014.0,3.0,Buenos Aires,"17,26"
2014.0,3.0,Capital Federal,"43,21"
2014.0,3.0,Catamarca,"6,27"
2014.0,3.0,Chaco,"5,63"
2014.0,3.0,Chubut,"12,39"
2014.0,3.0,Córdoba,"16,56"
2014.0,3.0,Corrientes,"5,99"
2014.0,3.0,Entre Ríos,"10,43"
2014.0,3.0,Formosa,"4,51"
2014.0,3.0,Jujuy,"4,68"
2014.0,3.0,La Pampa,"18,34"
2014.0,3.0,La Rioja,"4,38"
2014.0,3.0,Mendoza,"8,99"
2014.0,3.0,Misiones,"6,40"
2014.0,3.0,Neuquén,"16,73"
2014.0,3.0,Río Negro,"14,16"
2014.0,3.0,Salta,"7,05"
2014.0,3.0,San Juan,"7,08"
2014.0,3.0,San Luis,"2,77"
2014.0,3.0,Santa Cruz,"8,34"
2014.0,3.0,Santa Fe,"15,44"
2014.0,3.0,Santiago Del Estero,"4,08"
2014.0,3.0,Tierra Del Fuego,"19,34"
2014.0,3.0,Tucumán,"8,38"
2014.0,2.0,Buenos Aires,"16,79"
2014.0,2.0,Capital Federal,"42,97"
2014.0,2.0,Catamarca,"6,28"
2014.0,2.0,Chaco,"5,60"
2014.0,2.0,Chubut,"12,70"
2014.0,2.0,Córdoba,"16,37"
2014.0,2.0,Corrientes,"5,95"
2014.0,2.0,Entre Ríos,"10,37"
2014.0,2.0,Formosa,"4,46"
2014.0,2.0,Jujuy,"4,78"
2014.0,2.0,La Pampa,"16,38"
2014.0,2.0,La Rioja,"4,39"
2014.0,2.0,Mendoza,"8,96"
2014.0,2.0,Misiones,"6,37"
2014.0,2.0,Neuquén,"15,14"
2014.0,2.0,Río Negro,"13,95"
2014.0,2.0,Salta,"7,00"
2014.0,2.0,San Juan,"7,08"
2014.0,2.0,San Luis,"2,78"
2014.0,2.0,Santa Cruz,"8,74"
2014.0,2.0,Santa Fe,"15,22"
2014.0,2.0,Santiago Del Estero,"4,14"
2014.0,2.0,Tierra Del Fuego,"19,09"
2014.0,2.0,Tucumán,"8,41"
2014.0,1.0,Buenos Aires,"16,69"
2014.0,1.0,Capital Federal,"42,66"
2014.0,1.0,Catamarca,"6,18"
2014.0,1.0,Chaco,"5,55"
2014.0,1.0,Chubut,"12,70"
2014.0,1.0,Córdoba,"16,13"
2014.0,1.0,Corrientes,"5,89"
2014.0,1.0,Entre Ríos,"10,30"
2014.0,1.0,Formosa,"4,44"
2014.0,1.0,Jujuy,"4,72"
2014.0,1.0,La Pampa,"15,99"
2014.0,1.0,La Rioja,"4,35"
2014.0,1.0,Mendoza,"8,93"
2014.0,1.0,Misiones,"6,32"
2014.0,1.0,Neuquén,"14,88"
2014.0,1.0,Río Negro,"13,87"
2014.0,1.0,Salta,"6,98"
2014.0,1.0,San Juan,"7,05"
2014.0,1.0,San Luis,"2,68"
2014.0,1.0,Santa Cruz,"8,68"
2014.0,1.0,Santa Fe,"15,08"
2014.0,1.0,Santiago Del Estero,"4,06"
2014.0,1.0,Tierra Del Fuego,"19,10"
2014.0,1.0,Tucumán,"8,31"
